{"accuracy": [0.812614381313324, 0.9247668981552124, 0.9445703029632568, 0.9555374979972839, 0.9625835418701172], "loss": [0.4512571394443512, 0.1936771720647812, 0.14675110578536987, 0.12011987715959549, 0.10240454971790314], "val_accuracy": [0.905498743057251, 0.9330494999885559, 0.9399108290672302, 0.9435877799987793, 0.9431303143501282], "val_loss": [0.24118110537528992, 0.17494086921215057, 0.15896707773208618, 0.15799671411514282, 0.16363525390625]}